The Black Phone,Horror,Thriller,To be filled
Doctor Strange in the Multiverse of Madness,Action,Adventure,Fantasy
Incantation,Horror,To be filled,To be filled
Winnie-The-Pooh: Blood and Honey,Horror,To be filled,To be filled
Nope,Horror,Mystery,Sci-Fi
Bodies Bodies Bodies,Comedy,Horror,Thriller
Last Night in Soho,Drama,Horror,Mystery
The Munsters,Comedy,Family,Fantasy
X,Horror,Thriller,To be filled
Orphan: First Kill,Crime,Drama,Horror
Resident Evil: Welcome to Raccoon City,Action,Horror,Sci-Fi
Crimes of the Future,Drama,Horror,Sci-Fi
Men,Drama,Fantasy,Horror
Morbius,Action,Adventure,Horror
Day Shift,Action,Comedy,Fantasy
Malnazidos,Action,Adventure,Fantasy
Watcher,Drama,Horror,Thriller
Orphan,Horror,Mystery,Thriller
Midsommar,Drama,Horror,Mystery
It,Horror,To be filled,To be filled
American Psycho,Crime,Drama,Horror
Old,Drama,Horror,Mystery
Scream,Horror,Mystery,Thriller
Mad God,Animation,Fantasy,Horror
What We Do in the Shadows,Comedy,Horror,To be filled
Srpski film,Horror,Mystery,Thriller
Get Out,Horror,Mystery,Thriller
Hellboy,Action,Adventure,Fantasy
The Mist,Horror,Sci-Fi,Thriller
Overlord,Action,Horror,Sci-Fi
Fresh,Comedy,Horror,Thriller
Hocus Pocus 2,Comedy,Family,Fantasy
Hereditary,Drama,Horror,Mystery
Spree,Action,Comedy,Crime
The Mortal Instruments: City of Bones,Action,Adventure,Fantasy
Resident Evil,Action,Horror,Sci-Fi
Alien,Horror,Sci-Fi,To be filled
Prey,Action,Drama,Horror
The Shining,Drama,Horror,To be filled
It Chapter Two,Drama,Fantasy,Horror
Barbarian,Horror,Thriller,To be filled
The Conjuring,Horror,Mystery,Thriller
Scream 6,Horror,Mystery,Thriller
Us,Horror,Mystery,Thriller
Fear Street: 1994,Drama,Horror,Mystery
Alien: Covenant,Horror,Sci-Fi,Thriller
The Thing,Horror,Mystery,Sci-Fi
The VVitch: A New-England Folktale,Drama,Fantasy,Horror
Annihilation,Adventure,Drama,Horror
The Deadly Mantis,Family,Horror,Sci-Fi
Ku bei,Horror,To be filled,To be filled
Halloween Ends,Horror,Thriller,To be filled
Fear Street: 1978,Drama,Horror,Mystery
The Shallows,Action,Drama,Horror
Beast,Adventure,Drama,Horror
Sinister,Horror,Mystery,Thriller
The Cabin in the Woods,Horror,Mystery,Thriller
A Quiet Place Part II,Drama,Horror,Sci-Fi
The Invitation,Horror,Thriller,To be filled
Hocus Pocus,Comedy,Family,Fantasy
Scream,Horror,Mystery,To be filled
The Meg,Action,Horror,Sci-Fi
Tusk,Comedy,Horror,To be filled
The Mummy,Action,Adventure,Fantasy
Sweeney Todd: The Demon Barber of Fleet Street,Drama,Horror,Musical
A Nightmare on Elm Street,Horror,To be filled,To be filled
Mother!,Drama,Horror,Mystery
Underwater,Action,Horror,Sci-Fi
The Exorcist,Horror,To be filled,To be filled
A Quiet Place,Drama,Horror,Sci-Fi
Smile,Horror,To be filled,To be filled
Cannibal Holocaust,Adventure,Horror,To be filled
Predator,Action,Adventure,Horror
The Hunt,Action,Horror,Thriller
The Lighthouse,Drama,Fantasy,Horror
Lamb,Drama,Fantasy,Horror
Candyman,Horror,Thriller,To be filled
Firestarter,Drama,Horror,Sci-Fi
Interview with the Vampire: The Vampire Chronicles,Drama,Fantasy,Horror
Jennifer's Body,Comedy,Horror,To be filled
Resurrection,Crime,Drama,Horror
The Empty Man,Horror,Mystery,Thriller
Nekromantik,Horror,To be filled,To be filled
Suspiria,Drama,Fantasy,Horror
Bone Tomahawk,Drama,Horror,Western
The Lost Boys,Comedy,Horror,To be filled
Ready or Not,Action,Comedy,Horror
From Dusk Till Dawn,Action,Crime,Horror
Psycho,Horror,Mystery,Thriller
The Evil Dead,Horror,To be filled,To be filled
Texas Chainsaw Massacre,Crime,Horror,Thriller
De uskyldige,Drama,Fantasy,Horror
Split,Horror,Thriller,To be filled
Jeepers Creepers: Reborn,Horror,Mystery,Thriller
Halloween Kills,Horror,Thriller,To be filled
Salem's Lot,Horror,Thriller,To be filled
Army of the Dead,Action,Crime,Horror
Doctor Sleep,Drama,Fantasy,Horror
Brightburn,Drama,Horror,Mystery
28 Days Later...,Drama,Horror,Sci-Fi
The Reef: Stalked,Horror,Thriller,To be filled
The Night House,Horror,Mystery,Thriller
Insidious,Horror,Mystery,Thriller
Dracula,Drama,Fantasy,Horror
It Follows,Horror,Mystery,Thriller
Constantine,Action,Fantasy,Horror
The Human Centipede (First Sequence),Horror,To be filled,To be filled
Life,Horror,Sci-Fi,Thriller
Carrie,Horror,Mystery,To be filled
El hoyo,Horror,Sci-Fi,Thriller
The Invisible Man,Drama,Horror,Mystery
Pahanhautoja,Horror,To be filled,To be filled
World War Z,Action,Adventure,Horror
Mlungu Wam,Horror,To be filled,To be filled
Bird Box,Horror,Sci-Fi,To be filled
Martyrs,Horror,To be filled,To be filled
Event Horizon,Horror,Sci-Fi,Thriller
The New Mutants,Action,Horror,Mystery
10 Cloverfield Lane,Drama,Horror,Mystery
Hellboy,Action,Adventure,Fantasy
Busanhaeng,Action,Horror,Thriller
Under the Skin,Drama,Horror,Mystery
Malignant,Crime,Horror,Mystery
What Ever Happened to Baby Jane?,Drama,Horror,Thriller
Saw,Horror,Mystery,Thriller
Shaun of the Dead,Comedy,Horror,To be filled
Halloween,Horror,Thriller,To be filled
Final Destination,Horror,Thriller,To be filled
The Hills Have Eyes,Horror,Thriller,To be filled
The Summoned,Horror,Thriller,To be filled
You Won't Be Alone,Drama,Horror,To be filled
Blade,Action,Horror,Sci-Fi
The Rocky Horror Picture Show,Comedy,Horror,Musical
The Others,Horror,Mystery,Thriller
Don't Breathe,Crime,Horror,Thriller
Wrong Turn,Horror,Thriller,To be filled
Titane,Drama,Horror,Sci-Fi
The Killing of a Sacred Deer,Drama,Horror,Mystery
Eight for Silver,Fantasy,Horror,Mystery
The Poughkeepsie Tapes,Horror,Mystery,Thriller
Poltergeist,Horror,Thriller,To be filled
Prey for the Devil,Horror,Thriller,To be filled
Vivarium,Horror,Mystery,Sci-Fi
The Crow,Action,Crime,Drama
Hotel Transylvania: Transformania,Animation,Adventure,Comedy
Escape Room: Tournament of Champions,Action,Adventure,Horror
The Conjuring: The Devil Made Me Do It,Horror,Mystery,Thriller
The Descent,Adventure,Horror,Thriller
The Craft,Drama,Fantasy,Horror
The Texas Chain Saw Massacre,Horror,To be filled,To be filled
Zombieland,Action,Comedy,Horror
Dashcam,Horror,To be filled,To be filled
They Live,Action,Horror,Sci-Fi
A Cure for Wellness,Drama,Fantasy,Horror
Don't Breathe 2,Action,Crime,Horror
The Rental,Drama,Horror,Mystery
Urban Legend,Horror,Mystery,Thriller
Hellraiser,Horror,Thriller,To be filled
The Visit,Horror,Mystery,Thriller
American Carnage,Comedy,Horror,To be filled
Spiral: From the Book of Saw,Crime,Horror,Mystery
Little Shop of Horrors,Comedy,Horror,Musical
The Fly,Drama,Horror,Sci-Fi
Friday the 13th,Horror,Mystery,Thriller
Wrong Turn,Horror,Thriller,To be filled
47 Meters Down,Adventure,Drama,Horror
Invasion of the Body Snatchers,Horror,Sci-Fi,To be filled
Tremors,Comedy,Horror,To be filled
The Medium,Horror,To be filled,To be filled
Antlers,Drama,Horror,Mystery
Vampires,Action,Horror,Thriller
Jaws 2,Adventure,Horror,Thriller
Escape Room,Action,Adventure,Horror
Piranha 3D,Comedy,Horror,To be filled
Gerald's Game,Drama,Horror,Thriller
Rosemary's Baby,Drama,Horror,To be filled
The Blair Witch Project,Horror,Mystery,To be filled
The Purge,Horror,Sci-Fi,Thriller
La tua presenza nuda!,Crime,Drama,Horror
I Spit on Your Grave,Horror,Thriller,To be filled
Ang-ma-reul bo-at-da,Action,Crime,Drama
Resident Evil: Apocalypse,Action,Horror,Sci-Fi
The Requin,Horror,Thriller,To be filled
The Velvet Vampire,Horror,To be filled,To be filled
I Know What You Did Last Summer,Horror,Mystery,To be filled
Doom,Action,Horror,Sci-Fi
Mandy,Action,Fantasy,Horror
Scary Movie 2,Comedy,Horror,To be filled
The House That Jack Built,Crime,Drama,Horror
Jeepers Creepers,Horror,Mystery,To be filled
Abandoned,Horror,To be filled,To be filled
Pitch Black,Action,Horror,Sci-Fi
The Babysitter,Comedy,Horror,To be filled
Climax,Drama,Horror,Music
The Conjuring 2,Horror,Mystery,Thriller
Dark Shadows,Comedy,Fantasy,Horror
Scream 4,Horror,Mystery,To be filled
The Ring,Horror,Mystery,To be filled
Gremlins,Comedy,Fantasy,Horror
King Kong,Adventure,Horror,To be filled
Marrowbone,Adventure,Drama,Horror
Glass,Drama,Horror,Sci-Fi
Blair Witch,Horror,Mystery,Thriller
Evil Dead Rise,Fantasy,Horror,Thriller
Hostel,Horror,To be filled,To be filled
Sleepy Hollow,Fantasy,Horror,Mystery
The Mummy: Tomb of the Dragon Emperor,Action,Fantasy,Horror
Cloverfield,Action,Horror,Sci-Fi
The Neon Demon,Horror,Thriller,To be filled
The Hunger,Drama,Horror,To be filled
The Cloverfield Paradox,Action,Horror,Sci-Fi
Evil Dead,Horror,To be filled,To be filled
Choose or Die,Drama,Horror,Thriller
The Green Inferno,Adventure,Horror,To be filled
House of 1000 Corpses,Horror,To be filled,To be filled
Resident Evil: Retribution,Action,Horror,Sci-Fi
The Menu,Comedy,Horror,To be filled
No One Gets Out Alive,Drama,Horror,Mystery
Antichrist,Drama,Horror,Thriller
The Cell,Crime,Horror,Sci-Fi
Fantasy Island,Fantasy,Horror,Mystery
The Forever Purge,Action,Horror,Thriller
Scary Stories to Tell in the Dark,Adventure,Horror,Mystery
Teeth,Comedy,Fantasy,Horror
Army of Darkness,Comedy,Horror,To be filled
Grave,Drama,Horror,To be filled
The Babadook,Horror,Mystery,To be filled
The Dead Don't Die,Comedy,Fantasy,Horror
Gokseong,Drama,Horror,Mystery
The Ritual,Horror,Mystery,Thriller
Crawl,Action,Adventure,Horror
Freaky,Comedy,Horror,Thriller
Silent Hill,Horror,Mystery,To be filled
Alien Resurrection,Action,Horror,Sci-Fi
Hush,Horror,Thriller,To be filled
The Boy,Horror,Mystery,Thriller
Friday the 13th,Horror,Mystery,Thriller
The Faculty,Horror,Mystery,Sci-Fi
Halloween,Crime,Horror,Thriller
Fear Street: 1666,Horror,Mystery,To be filled
The Witches,Adventure,Comedy,Family
Angel Heart,Horror,Mystery,Thriller
Alien³,Action,Horror,Sci-Fi
The Nun,Horror,Mystery,Thriller
Halloween,Horror,To be filled,To be filled
Willy's Wonderland,Action,Comedy,Horror
Crimson Peak,Drama,Horror,Mystery
Studio 666,Comedy,Horror,Music
Possession,Drama,Horror,To be filled
Death Becomes Her,Comedy,Fantasy,Horror
Thor: Love and Thunder,Action,Adventure,Comedy
The Boys,Action,Crime,Drama
The Terminal List,Action,Drama,Thriller
The Lord of the Rings: The Rings of Power,Action,Adventure,Drama
Resident Evil,Action,Horror,Sci-Fi
The Umbrella Academy,Action,Adventure,Comedy
Ms. Marvel,Action,Adventure,Comedy
Top Gun: Maverick,Action,Drama,To be filled
The Old Man,Action,Drama,Thriller
Jurassic World Dominion,Action,Adventure,Sci-Fi
Game of Thrones,Action,Adventure,Drama
Doctor Strange in the Multiverse of Madness,Action,Adventure,Fantasy
The Gray Man,Action,Thriller,To be filled
Everything Everywhere All at Once,Action,Adventure,Comedy
Star Trek: Strange New Worlds,Action,Adventure,Sci-Fi
Obi-Wan Kenobi,Action,Adventure,Sci-Fi
Top Gun,Action,Drama,To be filled
Lightyear,Animation,Action,Adventure
The Northman,Action,Adventure,Drama
The Batman,Action,Crime,Drama
Thor: Ragnarok,Action,Adventure,Comedy
Vikram,Action,Thriller,To be filled
The Man from Toronto,Action,Adventure,Thriller
The Princess,Action,Drama,Fantasy
Spider-Man: No Way Home,Action,Adventure,Fantasy
House of the Dragon,Action,Adventure,Drama
Bullet Train,Action,Thriller,To be filled
Spiderhead,Action,Crime,Drama
Barry,Action,Comedy,Crime
NCIS: Naval Criminal Investigative Service,Action,Crime,Drama
La noche más larga,Action,Crime,Drama
The Lost City,Action,Adventure,Comedy
Banshee,Action,Crime,Drama
The Flash,Action,Adventure,Drama
Thor,Action,Adventure,Fantasy
The Unbearable Weight of Massive Talent,Action,Comedy,Crime
The Mandalorian,Action,Adventure,Fantasy
Rocketry: The Nambi Effect,Action,Biography,Drama
Vikings,Action,Adventure,Drama
Uncharted,Action,Adventure,To be filled
Moon Knight,Action,Adventure,Fantasy
"Love, Death &amp; Robots",Animation,Short,Action
Fantastic Beasts: The Secrets of Dumbledore,Action,Adventure,Fantasy
The Last Kingdom,Action,Drama,History
No Time to Die,Action,Adventure,Thriller
RRR (Rise Roar Revolt),Action,Drama,To be filled
Resident Evil: Welcome to Raccoon City,Action,Horror,Sci-Fi
Shingeki no Kyojin,Animation,Action,Adventure
Reacher,Action,Crime,Drama
Jurassic Park,Action,Adventure,Sci-Fi
Morbius,Action,Adventure,Horror
Paws of Fury: The Legend of Hank,Animation,Action,Comedy
12 Strong,Action,Drama,History
The Marvels,Action,Adventure,Fantasy
Avengers: Endgame,Action,Adventure,Drama
Dune: Part One,Action,Adventure,Drama
Day Shift,Action,Comedy,Fantasy
Malnazidos,Action,Adventure,Fantasy
Halo,Action,Adventure,Sci-Fi
Thor: The Dark World,Action,Adventure,Fantasy
Eternals,Action,Adventure,Fantasy
The Witcher,Action,Adventure,Drama
La casa de papel,Action,Crime,Drama
Star Trek: Discovery,Action,Adventure,Drama
Chicago Fire,Action,Drama,To be filled
DC League of Super-Pets,Animation,Action,Adventure
One Piece: Wan pîsu,Animation,Action,Adventure
Avatar: The Way of Water,Action,Adventure,Sci-Fi
Buffy the Vampire Slayer,Action,Drama,Fantasy
The Dark Knight,Action,Crime,Drama
Ambulance,Action,Crime,Drama
Our Flag Means Death,Action,Adventure,Biography
Inception,Action,Adventure,Sci-Fi
Invincible,Animation,Action,Adventure
Free Guy,Action,Adventure,Comedy
Black Panther: Wakanda Forever,Action,Adventure,Drama
The Woman King,Action,Drama,History
Loki,Action,Adventure,Fantasy
Black Adam,Action,Fantasy,Sci-Fi
Star Wars: The Clone Wars,Animation,Action,Adventure
Sonic the Hedgehog 2,Action,Adventure,Comedy
She-Hulk: Attorney at Law,Action,Adventure,Comedy
Gold,Action,Thriller,To be filled
WandaVision,Action,Comedy,Drama
Arcane: League of Legends,Animation,Action,Adventure
Ojing-eo geim,Action,Drama,Mystery
Untitled Indiana Jones Project,Action,Adventure,To be filled
Jack Ryan,Action,Drama,Thriller
Avengers: Infinity War,Action,Adventure,Sci-Fi
Prison Break,Action,Crime,Drama
The Lord of the Rings: The Fellowship of the Ring,Action,Adventure,Drama
Guardians of the Galaxy,Action,Adventure,Comedy
Star Trek: The Next Generation,Action,Adventure,Sci-Fi
The Book of Boba Fett,Action,Adventure,Sci-Fi
Star Trek,Action,Adventure,Sci-Fi
American Made,Action,Comedy,Crime
Major,Action,Biography,Drama
Star Wars,Action,Adventure,Fantasy
Harley Quinn,Animation,Action,Adventure
Kung Fu Panda: The Dragon Knight,Animation,Action,Adventure
Cobra Kai,Action,Comedy,Drama
The Dark Knight Rises,Action,Drama,To be filled
Daredevil,Action,Crime,Drama
Chicago P.D.,Action,Crime,Drama
Spy x Family,Animation,Action,Comedy
Killing Eve,Action,Adventure,Drama
Memory,Action,Thriller,To be filled
Jurassic World,Action,Adventure,Sci-Fi
Demon Slayer: Kimetsu No Yaiba,Animation,Action,Adventure
Superman &amp; Lois,Action,Adventure,Drama
Expend4bles,Action,Adventure,Thriller
Samaritan,Action,Drama,Fantasy
Independence Day,Action,Adventure,Sci-Fi
Moonfall,Action,Adventure,Sci-Fi
Doctor Strange,Action,Adventure,Fantasy
Blade Runner 2049,Action,Drama,Mystery
Interceptor,Action,Adventure,Drama
Black Widow,Action,Adventure,Sci-Fi
Jurassic World: Fallen Kingdom,Action,Adventure,Sci-Fi
The Gentlemen,Action,Comedy,Crime
The Wheel of Time,Action,Adventure,Drama
Avatar,Action,Adventure,Fantasy
The King's Man,Action,Adventure,Thriller
Diabolical,Animation,Short,Action
Smallville,Action,Adventure,Drama
Wanted,Action,Crime,Thriller
The Contractor,Action,Thriller,To be filled
Titans,Action,Adventure,Crime
Star Trek: Picard,Action,Adventure,Drama
S.W.A.T.,Action,Adventure,Crime
Tenet,Action,Sci-Fi,Thriller
The Suicide Squad,Action,Adventure,Comedy
The Adam Project,Action,Adventure,Comedy
Outer Banks,Action,Crime,Drama
SEAL Team,Action,Drama,War
See,Action,Drama,Sci-Fi
Gladiator,Action,Adventure,Drama
Léon,Action,Crime,Drama
Captain Marvel,Action,Adventure,Sci-Fi
9-1-1,Action,Drama,Thriller
Shang-Chi and the Legend of the Ten Rings,Action,Adventure,Fantasy
Vinland Saga,Animation,Action,Adventure
Hawaii Five-0,Action,Crime,Drama
Spartacus: Blood and Sand,Action,Adventure,Biography
Mad Max: Fury Road,Action,Adventure,Sci-Fi
Last Seen Alive,Action,Thriller,To be filled
Money Heist: Korea - Joint Economic Area,Action,Crime,Drama
Pirates of the Caribbean: The Curse of the Black Pearl,Action,Adventure,Fantasy
Arrow,Action,Adventure,Crime
Hawkeye,Action,Adventure,Crime
24,Action,Crime,Drama
Peacemaker,Action,Adventure,Comedy
Heat,Action,Crime,Drama
Agents of S.H.I.E.L.D.,Action,Adventure,Drama
Justified,Action,Crime,Drama
The Matrix Resurrections,Action,Sci-Fi,To be filled
Basutado!! Ankoku no hakaishin,Animation,Action,Adventure
Star Wars: Episode I - The Phantom Menace,Action,Adventure,Fantasy
CHIPS,Action,Comedy,Crime
Thor: God of Thunder,Action,Fantasy,To be filled
Hellboy,Action,Adventure,Fantasy
Stargåte SG-1,Action,Adventure,Drama
Spider-Man: Homecoming,Action,Adventure,Sci-Fi
Guardians of the Galaxy Vol. 2,Action,Adventure,Comedy
Enola Holmes,Action,Adventure,Crime
Black Panther,Action,Adventure,Sci-Fi
Doragon boru supa supa hiro,Animation,Action,Adventure
Spider-Man,Action,Adventure,Sci-Fi
Vikings: Valhalla,Action,Adventure,Drama
Overlord,Action,Horror,Sci-Fi
The Avengers,Action,Adventure,Sci-Fi
Wrath of Man,Action,Crime,Thriller
The Lord of the Rings: The Return of the King,Action,Adventure,Drama
The Punisher,Action,Crime,Drama
Avatar: The Last Airbender,Animation,Action,Adventure
Teen Wolf,Action,Drama,Fantasy
The 355,Action,Thriller,To be filled
Nobody,Action,Crime,Drama
The Hunger Games,Action,Adventure,Sci-Fi
Person of Interest,Action,Crime,Drama
Minority Report,Action,Crime,Mystery
The Last Duel,Action,Drama,History
John Wick,Action,Crime,Thriller
Blade Runner,Action,Drama,Sci-Fi
Baymax!,Animation,Short,Action
Spree,Action,Comedy,Crime
Suicide Squad,Action,Adventure,Fantasy
The Mortal Instruments: City of Bones,Action,Adventure,Fantasy
Resident Evil,Action,Horror,Sci-Fi
Iron Man,Action,Adventure,Sci-Fi
The Terminator,Action,Sci-Fi,To be filled
Shadow and Bone,Action,Adventure,Drama
Star Trek: Deep Space Nine,Action,Adventure,Drama
What If...?,Animation,Action,Adventure
Khuda Haafiz Chapter II: Agni Pariksha,Action,Crime,Drama
John Wick: Chapter 4,Action,Crime,Thriller
Prey,Action,Drama,Horror
Guardians of the Galaxy Vol. 3,Action,Adventure,Comedy
Tehran,Action,Crime,Drama
Red Notice,Action,Comedy,Thriller
Archer,Animation,Action,Comedy
Ford v Ferrari,Action,Biography,Drama
9-1-1: Lone Star,Action,Drama,Thriller
Deadpool,Action,Adventure,Comedy
Raiders of the Lost Ark,Action,Adventure,To be filled
Star Wars: Episode IX - The Rise of Skywalker,Action,Adventure,Fantasy
The Mummy,Action,Adventure,Fantasy
Longmire,Action,Crime,Drama
FBI,Action,Crime,Drama
Star Trek: Voyager,Action,Adventure,Sci-Fi
Gotham,Action,Crime,Drama
The Matrix,Action,Sci-Fi,To be filled
Monster High,Action,Adventure,Fantasy
The Lazarus Project,Action,Drama,Fantasy
Warrior,Action,Drama,Sport
Mission: Impossible - Fallout,Action,Adventure,Thriller
Venom: Let There Be Carnage,Action,Adventure,Sci-Fi
Aquaman,Action,Adventure,Fantasy
Queen of the South,Action,Crime,Drama
Star Wars: Episode III - Revenge of the Sith,Action,Adventure,Fantasy
F9,Action,Crime,Thriller
The Lost World: Jurassic Park,Action,Adventure,Sci-Fi
Zack Snyder's Justice League,Action,Adventure,Fantasy
Black Sails,Action,Adventure,Drama
Most Dangerous Game,Short,Action,Thriller
Never Say Never Again,Action,Adventure,Thriller
NCIS: Los Angeles,Action,Crime,Drama
Oldeuboi,Action,Drama,Mystery
Ghostbusters,Action,Comedy,Fantasy
Code Name Banshee,Action,Thriller,To be filled
Drive,Action,Drama,To be filled
In the Dark,Action,Crime,Horror
Sicario,Action,Crime,Drama
Naruto: Shippûden,Animation,Action,Adventure
Jack Reacher,Action,Mystery,Thriller
1917,Action,Drama,War
Spider-Man: Into the Spider-Verse,Animation,Action,Adventure
Terminator 2: Judgment Day,Action,Sci-Fi,To be filled
Doom Patrol,Action,Adventure,Comedy
Watchmen,Action,Drama,Mystery
Batman Begins,Action,Crime,Drama
Star Wars: Rebels,Animation,Action,Adventure
300,Action,Drama,To be filled
Thief,Action,Crime,Drama
Mission: Impossible,Action,Adventure,Thriller
Batman,Action,Adventure,To be filled
Operation Fortune: Ruse de guerre,Action,Comedy,Thriller
The Tomorrow War,Action,Adventure,Drama
Star Trek,Action,Adventure,Sci-Fi
Aliens,Action,Adventure,Sci-Fi
Thor: Love and Thunder,Action,Adventure,Comedy
Persuasion,Drama,Romance,To be filled
Barbie,Adventure,Comedy,Fantasy
Zombies 3,Family,Musical,Romance
The Lost City,Action,Adventure,Comedy
365 dni,Drama,Romance,To be filled
Les liaisons dangereuses,Drama,Romance,To be filled
Titanic,Drama,Romance,To be filled
Downton Abbey: A New Era,Drama,Romance,To be filled
"Hello, Goodbye and Everything in Between",Comedy,Drama,Romance
Father of the Bride,Comedy,Drama,Romance
Licorice Pizza,Comedy,Drama,Romance
Fifty Shades of Grey,Drama,Romance,Thriller
Verdens verste menneske,Comedy,Drama,Romance
Forrest Gump,Drama,Romance,To be filled
Blonde,Biography,Drama,Mystery
Barefoot,Comedy,Drama,Romance
Ante Sundharaniki,Comedy,Romance,To be filled
Jug Jugg Jeeyo,Comedy,Drama,Family
Marry Me,Comedy,Music,Romance
West Side Story,Crime,Drama,Musical
Blackbird,Romance,To be filled,To be filled
Love,Drama,Romance,To be filled
The Girl Next Door,Comedy,Drama,Romance
The French Dispatch,Comedy,Drama,Romance
Love &amp; Gelato,Comedy,Drama,Romance
Hocus Pocus 2,Comedy,Family,Fantasy
The Mortal Instruments: City of Bones,Action,Adventure,Fantasy
Khuda Haafiz Chapter II: Agni Pariksha,Action,Crime,Drama
Beautiful Creatures,Drama,Fantasy,Romance
The Power of the Dog,Drama,Romance,Western
Lolita,Drama,Romance,To be filled
Sixteen Candles,Comedy,Romance,To be filled
Mr. Malcolm's List,Comedy,Drama,Romance
The Other Woman,Comedy,Romance,To be filled
Twilight,Drama,Fantasy,Romance
Call Me by Your Name,Drama,Romance,To be filled
Little Women,Drama,Romance,To be filled
The Notebook,Drama,Romance,To be filled
After,Drama,Romance,To be filled
10 Things I Hate About You,Comedy,Drama,Romance
Redeeming Love,Drama,Romance,To be filled
Pride &amp; Prejudice,Drama,Romance,To be filled
The Princess Bride,Adventure,Family,Fantasy
The Terminal,Comedy,Drama,Romance
After Ever Happy,Drama,Romance,To be filled
Pretty Woman,Comedy,Romance,To be filled
Crazy Rich Asians,Comedy,Drama,Romance
Clueless,Comedy,Romance,To be filled
Witness,Drama,Romance,Thriller
Eternal Sunshine of the Spotless Mind,Drama,Romance,Sci-Fi
The Great Gatsby,Drama,Romance,To be filled
Fire Island,Comedy,Romance,To be filled
The Dreamers,Drama,Romance,To be filled
Just Go with It,Comedy,Romance,To be filled
Good Will Hunting,Drama,Romance,To be filled
Purple Hearts,Drama,Music,Romance
The Blue Lagoon,Adventure,Drama,Romance
The Phantom of the Opera,Drama,Musical,Romance
Heojil kyolshim,Crime,Drama,Mystery
The Parent Trap,Adventure,Comedy,Drama
Blended,Comedy,Romance,To be filled
Pearl Harbor,Action,Drama,History
Fifty Shades Darker,Drama,Romance,To be filled
After We Collided,Drama,Romance,To be filled
Ah-ga-ssi,Drama,Romance,Thriller
The Little Mermaid,Adventure,Family,Fantasy
Love Actually,Comedy,Drama,Romance
The Best Years of Our Lives,Drama,Romance,War
The Fountain,Drama,Mystery,Romance
La vie d'Adèle,Drama,Romance,To be filled
365 Days: This Day,Drama,Romance,To be filled
The Sound of Music,Biography,Drama,Family
Nude Tuesday,Comedy,Drama,Romance
Unfaithful,Drama,Romance,Thriller
About Time,Comedy,Drama,Fantasy
Malèna,Drama,Romance,War
Emma.,Comedy,Drama,Romance
Career Opportunities,Comedy,Romance,To be filled
Aladdin,Adventure,Comedy,Family
Her,Drama,Romance,Sci-Fi
La La Land,Comedy,Drama,Music
The Age of Adaline,Drama,Fantasy,Romance
Romeo + Juliet,Drama,Romance,To be filled
Downton Abbey,Drama,Romance,To be filled
Asteroid City,Comedy,Romance,To be filled
A Perfect Pairing,Comedy,Romance,To be filled
Ticket to Paradise,Comedy,Romance,To be filled
The Curious Case of Benjamin Button,Drama,Fantasy,Romance
The 40 Year Old Virgin,Comedy,Romance,To be filled
Victor/Victoria,Comedy,Music,Romance
Better Off Dead...,Comedy,Romance,To be filled
Steel Magnolias,Comedy,Drama,Romance
Legend,Adventure,Fantasy,Romance
Hurdang,Drama,Romance,To be filled
Lucy in the Sky,Drama,Romance,Sci-Fi
Pitch Perfect,Comedy,Music,Romance
Dirty Dancing,Drama,Music,Romance
Grease,Comedy,Musical,Romance
True Romance,Crime,Drama,Romance
Moulin Rouge!,Drama,Musical,Romance
Meet Joe Black,Drama,Fantasy,Romance
Atonement,Drama,Mystery,Romance
Beauty and the Beast,Adventure,Family,Fantasy
Edward Scissorhands,Drama,Fantasy,Romance
Jerry Maguire,Comedy,Drama,Romance
He's Just Not That Into You,Comedy,Drama,Romance
Willow,Action,Adventure,Drama
After We Fell,Drama,Romance,To be filled
Three Thousand Years of Longing,Drama,Fantasy,Romance
Disenchanted,Animation,Adventure,Comedy
The Twilight Saga: Breaking Dawn - Part 2,Adventure,Drama,Fantasy
The King,Biography,Drama,History
The Valet,Comedy,Romance,To be filled
Secretary,Comedy,Drama,Romance
"Crazy, Stupid, Love.",Comedy,Drama,Romance
Vicky Cristina Barcelona,Comedy,Drama,Romance
Scott Pilgrim vs. the World,Action,Comedy,Fantasy
The Perks of Being a Wallflower,Drama,Romance,To be filled
La vita è bella,Comedy,Drama,Romance
The Reader,Drama,Romance,To be filled
LOL,Comedy,Drama,Romance
Wedding Crashers,Comedy,Romance,To be filled
Casablanca,Drama,Romance,War
The Wedding Singer,Comedy,Music,Romance
Absence of Malice,Drama,Romance,Thriller
Fifty Shades Freed,Drama,Romance,Thriller
Up in the Air,Comedy,Drama,Romance
Me Before You,Drama,Romance,To be filled
The Hating Game,Comedy,Romance,To be filled
Allied,Action,Drama,Romance
Mamma Mia!,Comedy,Musical,Romance
Dracula,Drama,Fantasy,Horror
Benedetta,Biography,Drama,History
Habitación en Roma,Drama,Romance,To be filled
Les Misérables,Drama,Musical,Romance
You've Got Mail,Comedy,Drama,Romance
Bring It On,Comedy,Romance,Sport
Before Sunrise,Drama,Romance,To be filled
Bridesmaids,Comedy,Romance,To be filled
Jaadugar,Comedy,Drama,Fantasy
Legally Blonde,Comedy,Romance,To be filled
9 Songs,Drama,Music,Romance
Kimi no na wa.,Animation,Drama,Fantasy
Sweet Home Alabama,Comedy,Romance,To be filled
A Knight's Tale,Action,Adventure,Romance
Risky Business,Comedy,Crime,Drama
A Star Is Born,Drama,Music,Romance
The Spectacular Now,Comedy,Drama,Romance
Shrek,Animation,Adventure,Comedy
Only Angels Have Wings,Adventure,Drama,Romance
Along for the Ride,Drama,Romance,To be filled
Hercules,Animation,Adventure,Comedy
Marriage Story,Drama,Romance,To be filled
Love &amp; Other Drugs,Comedy,Drama,Romance
Palm Springs,Comedy,Fantasy,Mystery
When Harry Met Sally...,Comedy,Drama,Romance
Janhit Mein Jaari,Comedy,Drama,Romance
Bikini Beach,Comedy,Music,Romance
The Virgin Suicides,Drama,Romance,To be filled
Cruel Intentions,Drama,Romance,To be filled
Love Accidentally,Comedy,Romance,To be filled
Untitled Super Mario Project,Animation,Adventure,Comedy
Passengers,Drama,Romance,Sci-Fi
Notting Hill,Comedy,Drama,Romance
Bros,Comedy,Romance,To be filled
The Big Sick,Comedy,Drama,Romance
Footloose,Drama,Music,Romance
A través de mi ventana,Comedy,Drama,Romance
Brokeback Mountain,Drama,Romance,To be filled
No Strings Attached,Comedy,Romance,To be filled
Silverado,Action,Crime,Drama
Sleeping Beauty,Drama,Mystery,Romance
The Last of the Mohicans,Action,Adventure,Drama
The Lobster,Comedy,Drama,Romance
50 First Dates,Comedy,Drama,Romance
There's Something About Mary,Comedy,Romance,To be filled
Gone with the Wind,Drama,Romance,War
The Shape of Water,Drama,Fantasy,Romance
I Want You Back,Comedy,Romance,To be filled
Dangerous Liaisons,Drama,Romance,To be filled
Cold Mountain,Adventure,Drama,History
Closer,Drama,Romance,To be filled
Tangled,Animation,Adventure,Comedy
Robin Hood: Prince of Thieves,Action,Adventure,Drama
Cast Away,Adventure,Drama,Romance
(500) Days of Summer,Comedy,Drama,Romance
Le fabuleux destin d'Amélie Poulain,Comedy,Romance,To be filled
That Awkward Moment,Comedy,Romance,To be filled
The Princess Diaries,Comedy,Family,Romance
Don Jon,Comedy,Drama,Romance
Below Her Mouth,Drama,Romance,To be filled
The Legend of Tarzan,Action,Adventure,Drama
Silver Linings Playbook,Comedy,Drama,Romance
Love Sarah,Comedy,Drama,Romance
Maestro,Biography,Drama,Music
King Kong,Action,Adventure,Drama
Big Fish,Adventure,Drama,Fantasy
Elf,Adventure,Comedy,Family
One Day,Drama,Romance,To be filled
Midnight in Paris,Comedy,Fantasy,Romance
She's All That,Comedy,Romance,To be filled
The Ballad of Buster Scruggs,Comedy,Drama,Musical
Cocktail,Comedy,Drama,Romance
Weird Science,Comedy,Romance,Sci-Fi
Cinderella,Comedy,Family,Fantasy
Q,Drama,Romance,To be filled
Swiss Army Man,Comedy,Drama,Fantasy
Portrait de la jeune fille en feu,Drama,Romance,To be filled
Cinderella,Adventure,Drama,Family
The Graduate,Comedy,Drama,Romance
Immortals,Action,Drama,Fantasy
Aladdin,Animation,Adventure,Comedy
Wet Hot American Summer,Comedy,Romance,To be filled
Peggy Sue Got Married,Comedy,Drama,Fantasy
Footloose,Comedy,Drama,Music
Sense and Sensibility,Drama,Romance,To be filled
The Time Traveler's Wife,Comedy,Drama,Fantasy
Little Shop of Horrors,Comedy,Horror,Musical
To All the Boys I've Loved Before,Comedy,Drama,Romance
Stardust,Adventure,Family,Fantasy
Reminiscence,Mystery,Romance,Sci-Fi
Phantom Thread,Drama,Romance,To be filled
Father of the Bride,Comedy,Family,Romance
Rock of Ages,Comedy,Drama,Musical
Yesterday,Comedy,Fantasy,Music
Mashina lyubvi,Drama,Romance,To be filled
Lolita,Crime,Drama,Romance
Cabaret,Drama,Music,Musical
Robin Hood: Men in Tights,Adventure,Comedy,Musical
Disney's Snow White,Adventure,Drama,Family
It's a Wonderful Life,Drama,Family,Fantasy
I love you,Comedy,Drama,Romance
Forgetting Sarah Marshall,Comedy,Drama,Romance
The Mask of Zorro,Action,Adventure,Comedy
Mamma Mia! Here We Go Again,Comedy,Musical,Romance
Beauty and the Beast,Animation,Family,Fantasy
Private School,Comedy,Romance,To be filled
The Wrong Missy,Comedy,Romance,To be filled
Sleepless in Seattle,Comedy,Drama,Romance
Vanilla Sky,Fantasy,Mystery,Romance
El Dorado,Drama,Romance,Western
West Side Story,Crime,Drama,Musical
Murder Mystery,Action,Comedy,Crime
Sotto il sole di Amalfi,Comedy,Drama,Romance
Adventures in Babysitting,Adventure,Comedy,Crime
The Beach,Adventure,Drama,Romance
Little Women,Drama,Family,Romance
The Eyes of Tammy Faye,Biography,Drama,Romance
Ghost,Drama,Fantasy,Romance
Thor: Love and Thunder,Action,Adventure,Comedy
The Sea Beast,Animation,Adventure,Comedy
Minions: The Rise of Gru,Animation,Adventure,Comedy
Everything Everywhere All at Once,Action,Adventure,Comedy
Sing 2,Animation,Adventure,Comedy
Barbie,Adventure,Comedy,Fantasy
Thor: Ragnarok,Action,Adventure,Comedy
Bodies Bodies Bodies,Comedy,Horror,Thriller
Hustle,Comedy,Drama,Sport
The Bob's Burgers Movie,Animation,Adventure,Comedy
The Munsters,Comedy,Family,Fantasy
The Lost City,Action,Adventure,Comedy
The Bad Guys,Animation,Adventure,Comedy
The Unbearable Weight of Massive Talent,Action,Comedy,Crime
Once Upon a Time in... Hollywood,Comedy,Drama,To be filled
Paws of Fury: The Legend of Hank,Animation,Action,Comedy
Day Shift,Action,Comedy,Fantasy
"Good Luck to You, Leo Grande",Comedy,Drama,To be filled
Mrs. Harris Goes to Paris,Comedy,Drama,To be filled
Clerks III,Comedy,To be filled,To be filled
The Wolf of Wall Street,Biography,Comedy,Crime
Ghostbusters: Afterlife,Adventure,Comedy,Fantasy
DC League of Super-Pets,Animation,Action,Adventure
Free Guy,Action,Adventure,Comedy
Mean Girls,Comedy,To be filled,To be filled
CODA,Comedy,Drama,Music
Sonic the Hedgehog 2,Action,Adventure,Comedy
"Hello, Goodbye and Everything in Between",Comedy,Drama,Romance
Father of the Bride,Comedy,Drama,Romance
Luck,Animation,Adventure,Comedy
Minions,Animation,Adventure,Comedy
Jerry &amp; Marge Go Large,Biography,Comedy,Drama
Licorice Pizza,Comedy,Drama,Romance
Guardians of the Galaxy,Action,Adventure,Comedy
The Goonies,Adventure,Comedy,Family
Marcel the Shell with Shoes On,Animation,Comedy,Family
American Made,Action,Comedy,Crime
Verdens verste menneske,Comedy,Drama,Romance
Don't Look Up,Comedy,Drama,Sci-Fi
Encanto,Animation,Comedy,Family
Back to the Future,Adventure,Comedy,Sci-Fi
The Gentlemen,Action,Comedy,Crime
Cha Cha Real Smooth,Comedy,Drama,To be filled
What We Do in the Shadows,Comedy,Horror,To be filled
Gisaengchung,Comedy,Drama,Thriller
The Suicide Squad,Action,Adventure,Comedy
The Adam Project,Action,Adventure,Comedy
Jojo Rabbit,Comedy,Drama,War
Knives Out,Comedy,Crime,Drama
Barefoot,Comedy,Drama,Romance
Brian and Charles,Comedy,To be filled,To be filled
Ante Sundharaniki,Comedy,Romance,To be filled
Despicable Me,Animation,Adventure,Comedy
Jug Jugg Jeeyo,Comedy,Drama,Family
Chip 'n Dale: Rescue Rangers,Animation,Adventure,Comedy
Marry Me,Comedy,Music,Romance
The King of Staten Island,Comedy,Drama,To be filled
CHIPS,Action,Comedy,Crime
Beavis and Butt-Head Do the Universe,Animation,Comedy,To be filled
Guardians of the Galaxy Vol. 2,Action,Adventure,Comedy
Dog,Comedy,Drama,To be filled
The Sandlot,Comedy,Drama,Family
Vengeance,Comedy,Mystery,Thriller
Turning Red,Animation,Adventure,Comedy
The Girl Next Door,Comedy,Drama,Romance
Fresh,Comedy,Horror,Thriller
The Breakfast Club,Comedy,Drama,To be filled
The French Dispatch,Comedy,Drama,Romance
The Phantom of the Open,Comedy,Drama,Sport
Love &amp; Gelato,Comedy,Drama,Romance
Police Academy,Comedy,To be filled,To be filled
Hocus Pocus 2,Comedy,Family,Fantasy
Juno,Comedy,Drama,To be filled
Spree,Action,Comedy,Crime
The Grand Budapest Hotel,Adventure,Comedy,Crime
777 Charlie,Adventure,Comedy,Drama
Alice's Restaurant,Comedy,Drama,Music
Guardians of the Galaxy Vol. 3,Action,Adventure,Comedy
Red Notice,Action,Comedy,Thriller
Sixteen Candles,Comedy,Romance,To be filled
Deadpool,Action,Adventure,Comedy
Dazed and Confused,Comedy,To be filled,To be filled
Mr. Malcolm's List,Comedy,Drama,Romance
Senior Year,Comedy,Drama,To be filled
American Pie,Comedy,To be filled,To be filled
The Other Woman,Comedy,Romance,To be filled
Old School,Comedy,To be filled,To be filled
Sing,Animation,Comedy,Family
Superbad,Comedy,To be filled,To be filled
The Big Short,Biography,Comedy,Drama
10 Things I Hate About You,Comedy,Drama,Romance
Snatch,Comedy,Crime,To be filled
The Terminal,Comedy,Drama,Romance
Ghostbusters,Action,Comedy,Fantasy
1UP,Comedy,Sport,To be filled
See How They Run,Comedy,Mystery,To be filled
Spider-Man: Into the Spider-Verse,Animation,Action,Adventure
The Big Lebowski,Comedy,Crime,To be filled
Hustlers,Comedy,Crime,Drama
Operation Fortune: Ruse de guerre,Action,Comedy,Thriller
Pretty Woman,Comedy,Romance,To be filled
Crazy Rich Asians,Comedy,Drama,Romance
Clueless,Comedy,Romance,To be filled
Scary Movie,Comedy,To be filled,To be filled
Kingsman: The Secret Service,Action,Adventure,Comedy
Fire Island,Comedy,Romance,To be filled
Birds of Prey and the Fantabulous Emancipation of One Harley Quinn,Action,Adventure,Comedy
Deadpool 2,Action,Adventure,Comedy
Just Go with It,Comedy,Romance,To be filled
Moana,Animation,Adventure,Comedy
Big Daddy,Comedy,Drama,To be filled
White Chicks,Comedy,Crime,To be filled
Honk for Jesus. Save Your Soul.,Comedy,To be filled,To be filled
The Parent Trap,Adventure,Comedy,Drama
The World's End,Action,Comedy,Sci-Fi
Beetle Juice,Comedy,Fantasy,To be filled
Scooby-Doo,Adventure,Comedy,Family
Grown Ups,Comedy,To be filled,To be filled
Idiocracy,Adventure,Comedy,Sci-Fi
Fast Times at Ridgemont High,Comedy,Drama,To be filled
Blended,Comedy,Romance,To be filled
A League of Their Own,Comedy,Drama,Sport
Shazam! Fury of the Gods,Action,Adventure,Comedy
Little Miss Sunshine,Comedy,Drama,To be filled
Home Alone,Comedy,Family,To be filled
Sonic the Hedgehog,Action,Adventure,Comedy
The Truman Show,Comedy,Drama,To be filled
Barb and Star Go to Vista Del Mar,Comedy,To be filled,To be filled
Hocus Pocus,Comedy,Family,Fantasy
Roald Dahl's Matilda the Musical,Comedy,Drama,Family
Cruella,Adventure,Comedy,Crime
Cars,Animation,Adventure,Comedy
Love Actually,Comedy,Drama,Romance
Mr. &amp; Mrs. Smith,Action,Comedy,Crime
Tusk,Comedy,Horror,To be filled
Big Trouble in Little China,Action,Adventure,Comedy
Project X,Comedy,To be filled,To be filled
Despicable Me 3,Animation,Adventure,Comedy
Clue,Comedy,Crime,Mystery
Nude Tuesday,Comedy,Drama,Romance
Tuff Turf,Action,Comedy,Drama
"Yes, God, Yes",Comedy,Drama,To be filled
Toy Story,Animation,Adventure,Comedy
Les valseuses,Action,Comedy,Crime
About Time,Comedy,Drama,Fantasy
Emma.,Comedy,Drama,Romance
Career Opportunities,Comedy,Romance,To be filled
Office Space,Comedy,To be filled,To be filled
Ant-Man and the Wasp: Quantumania,Action,Adventure,Comedy
Aladdin,Adventure,Comedy,Family
Ratatouille,Animation,Adventure,Comedy
La La Land,Comedy,Drama,Music
The Hangover,Comedy,To be filled,To be filled
Clerks,Comedy,To be filled,To be filled
The Heat,Action,Comedy,Crime
Big Hero 6,Animation,Action,Adventure
Despicable Me 2,Animation,Adventure,Comedy
Get Smart,Action,Adventure,Comedy
The Devil Wears Prada,Comedy,Drama,To be filled
Asteroid City,Comedy,Romance,To be filled
Zootopia,Animation,Adventure,Comedy
A Perfect Pairing,Comedy,Romance,To be filled
Jungle Cruise,Action,Adventure,Comedy
Ticket to Paradise,Comedy,Romance,To be filled
We're the Millers,Comedy,Crime,To be filled
The 40 Year Old Virgin,Comedy,Romance,To be filled
The Mask,Action,Comedy,Crime
Victor/Victoria,Comedy,Music,Romance
Better Off Dead...,Comedy,Romance,To be filled
Steel Magnolias,Comedy,Drama,Romance
Druk,Comedy,Drama,To be filled
Dead Poets Society,Comedy,Drama,To be filled
Jennifer's Body,Comedy,Horror,To be filled
Pitch Perfect,Comedy,Music,Romance
Captain Fantastic,Comedy,Drama,To be filled
Ant-Man,Action,Adventure,Comedy
Grease,Comedy,Musical,Romance
Green Book,Biography,Comedy,Drama
Charlie and the Chocolate Factory,Adventure,Comedy,Family
Vice,Biography,Comedy,Drama
Luca,Animation,Adventure,Comedy
Ferris Bueller's Day Off,Comedy,To be filled,To be filled
National Lampoon's Animal House,Comedy,To be filled,To be filled
Jerry Maguire,Comedy,Drama,Romance
He's Just Not That Into You,Comedy,Drama,Romance
A Simple Favor,Comedy,Crime,Mystery
Anchorman: The Legend of Ron Burgundy,Comedy,To be filled,To be filled
Matilda,Comedy,Family,Fantasy
Tropic Thunder,Action,Comedy,War
War Dogs,Biography,Comedy,Crime
Heathers,Comedy,Crime,To be filled
Chef,Adventure,Comedy,Drama
The Lost Boys,Comedy,Horror,To be filled
Disenchanted,Animation,Adventure,Comedy
Jumanji: The Next Level,Action,Adventure,Comedy
Grown Ups 2,Comedy,To be filled,To be filled
Ready or Not,Action,Comedy,Horror
Frozen,Animation,Adventure,Comedy
Happy Gilmore,Comedy,Sport,To be filled
Baywatch,Action,Comedy,Crime
Magic Mike,Comedy,Drama,To be filled
The Valet,Comedy,Romance,To be filled
Secretary,Comedy,Drama,Romance
"Crazy, Stupid, Love.",Comedy,Drama,Romance
Vicky Cristina Barcelona,Comedy,Drama,Romance
Scott Pilgrim vs. the World,Action,Comedy,Fantasy
Diary of a Wimpy Kid,Comedy,Drama,Family
The Longest Yard,Comedy,Crime,Drama
Airplane!,Comedy,To be filled,To be filled
Game Night,Action,Adventure,Comedy
Easter Sunday,Comedy,To be filled,To be filled
Not Another Teen Movie,Comedy,To be filled,To be filled
La vita è bella,Comedy,Drama,Romance
The Bubble,Comedy,To be filled,To be filled
Secret Headquarters,Action,Adventure,Comedy
LOL,Comedy,Drama,Romance
Beverly Hills Cop,Action,Comedy,Crime
Napoleon Dynamite,Comedy,To be filled,To be filled
Army of Thieves,Action,Comedy,Crime
Wedding Crashers,Comedy,Romance,To be filled
Finding Nemo,Animation,Adventure,Comedy
Ant-Man and the Wasp,Action,Adventure,Comedy
Competencia oficial,Comedy,Drama,To be filled
Ted,Comedy,To be filled,To be filled
The Wedding Singer,Comedy,Music,Romance
Lady Bird,Comedy,Drama,To be filled
Jumanji: Welcome to the Jungle,Action,Adventure,Comedy
Booksmart,Comedy,To be filled,To be filled
The Intouchables,Biography,Comedy,Drama
Triangle of Sadness,Comedy,Drama,To be filled
Up in the Air,Comedy,Drama,Romance
Shazam!,Action,Adventure,Comedy
The Hating Game,Comedy,Romance,To be filled
Almost Famous,Adventure,Comedy,Drama
Mamma Mia!,Comedy,Musical,Romance
Kingsman: The Golden Circle,Action,Adventure,Comedy
Thoroughbreds,Comedy,Crime,Drama
Without a Paddle,Adventure,Comedy,Mystery
Così fan tutte,Comedy,Drama,To be filled
"Three Billboards Outside Ebbing, Missouri",Comedy,Crime,Drama
Hunt for the Wilderpeople,Adventure,Comedy,Drama
School of Rock,Comedy,Music,To be filled
Dodgeball: A True Underdog Story,Comedy,Sport,To be filled
You've Got Mail,Comedy,Drama,Romance
Blue Jasmine,Comedy,Drama,To be filled
Metal Lords,Comedy,Music,To be filled
Bring It On,Comedy,Romance,Sport
21 Jump Street,Action,Comedy,Crime
3 Idiots,Comedy,Drama,To be filled
Strange World,Animation,Action,Adventure
The Sea Beast,Animation,Adventure,Comedy
Minions: The Rise of Gru,Animation,Adventure,Comedy
Sing 2,Animation,Adventure,Comedy
Lightyear,Animation,Action,Adventure
The Bob's Burgers Movie,Animation,Adventure,Comedy
The Bad Guys,Animation,Adventure,Comedy
Paws of Fury: The Legend of Hank,Animation,Action,Comedy
DC League of Super-Pets,Animation,Action,Adventure
Luck,Animation,Adventure,Comedy
Minions,Animation,Adventure,Comedy
Marcel the Shell with Shoes On,Animation,Comedy,Family
Encanto,Animation,Comedy,Family
Mad God,Animation,Fantasy,Horror
Despicable Me,Animation,Adventure,Comedy
Chip 'n Dale: Rescue Rangers,Animation,Adventure,Comedy
Beavis and Butt-Head Do the Universe,Animation,Comedy,To be filled
Doragon boru supa supa hiro,Animation,Action,Adventure
Turning Red,Animation,Adventure,Comedy
Sing,Animation,Comedy,Family
Spider-Man: Into the Spider-Verse,Animation,Action,Adventure
Moana,Animation,Adventure,Comedy
The Lion King,Animation,Adventure,Drama
Sen to Chihiro no kamikakushi,Animation,Adventure,Family
Cars,Animation,Adventure,Comedy
Despicable Me 3,Animation,Adventure,Comedy
Toy Story,Animation,Adventure,Comedy
Ratatouille,Animation,Adventure,Comedy
Big Hero 6,Animation,Action,Adventure
Despicable Me 2,Animation,Adventure,Comedy
Zootopia,Animation,Adventure,Comedy
The Incredibles,Animation,Action,Adventure
Luca,Animation,Adventure,Comedy
Disenchanted,Animation,Adventure,Comedy
Frozen,Animation,Adventure,Comedy
Shika no ou,Animation,Action,Adventure
Green Lantern: Beware My Power,Animation,Adventure,Sci-Fi
Finding Nemo,Animation,Adventure,Comedy
Hauru no ugoku shiro,Animation,Adventure,Family
The Lion King,Animation,Adventure,Drama
Strange World,Animation,Action,Adventure
Raya and the Last Dragon,Animation,Action,Adventure
Kimi no na wa.,Animation,Drama,Fantasy
"Monsters, Inc.",Animation,Adventure,Comedy
Shrek,Animation,Adventure,Comedy
Inside Out,Animation,Adventure,Comedy
Hercules,Animation,Adventure,Comedy
Untitled Super Mario Project,Animation,Adventure,Comedy
Coco,Animation,Adventure,Comedy
Toy Story 4,Animation,Adventure,Comedy
Soul,Animation,Adventure,Comedy
WALL·E,Animation,Adventure,Family
Kung Fu Panda,Animation,Action,Adventure
Mononoke-hime,Animation,Adventure,Fantasy
Up,Animation,Adventure,Comedy
Cool World,Animation,Comedy,Fantasy
Tangled,Animation,Adventure,Comedy
The Mitchells vs the Machines,Animation,Adventure,Comedy
Hotel Transylvania: Transformania,Animation,Adventure,Comedy
How to Train Your Dragon,Animation,Action,Adventure
Madagascar,Animation,Adventure,Comedy
Hotaru no haka,Animation,Drama,War
Incredibles 2,Animation,Action,Adventure
Aladdin,Animation,Adventure,Comedy
Lilo &amp; Stitch,Animation,Adventure,Comedy
Rumble,Animation,Comedy,Family
A Bug's Life,Animation,Adventure,Comedy
Toy Story 3,Animation,Adventure,Comedy
Beauty and the Beast,Animation,Family,Fantasy
The Little Mermaid,Animation,Adventure,Comedy
Mulan,Animation,Adventure,Comedy
Clifford the Big Red Dog,Animation,Adventure,Comedy
Sausage Party,Animation,Adventure,Comedy
Coraline,Animation,Drama,Family
Spider-Man: Across the Spider-Verse,Animation,Action,Adventure
Who Framed Roger Rabbit,Animation,Adventure,Comedy
The Emperor's New Groove,Animation,Adventure,Comedy
Frozen II,Animation,Adventure,Comedy
Toy Story 2,Animation,Adventure,Comedy
Wreck-It Ralph,Animation,Adventure,Comedy
Tarzan,Animation,Adventure,Comedy
Ice Age,Animation,Adventure,Comedy
Enchanted,Animation,Adventure,Comedy
Ryû to sobakasu no hime,Animation,Adventure,Drama
Fantastic Mr. Fox,Animation,Adventure,Comedy
Guillermo del Toro's Pinocchio,Animation,Drama,Family
Robots,Animation,Adventure,Comedy
Space Jam: A New Legacy,Animation,Adventure,Comedy
Atlantis: The Lost Empire,Animation,Action,Adventure
Brave,Animation,Adventure,Comedy
The Princess and the Frog,Animation,Adventure,Comedy
How to Train Your Dragon: The Hidden World,Animation,Action,Adventure
Shrek 2,Animation,Adventure,Comedy
Puss in Boots: The Last Wish,Animation,Adventure,Comedy
Hotel Transylvania,Animation,Adventure,Comedy
Treasure Planet,Animation,Adventure,Family
Tom &amp; Jerry,Animation,Adventure,Comedy
Megamind,Animation,Action,Comedy
Gekijouban Jujutsu Kaisen 0,Animation,Action,Fantasy
Hopper et le hamster des ténèbres,Animation,Adventure,Comedy
Cars 3,Animation,Adventure,Comedy
Rango,Animation,Action,Adventure
Kung Fu Panda 3,Animation,Action,Adventure
Cloudy with a Chance of Meatballs,Animation,Adventure,Comedy
Pâfekuto burû,Animation,Crime,Drama
Ferdinand,Animation,Adventure,Comedy
The Lego Movie,Animation,Action,Adventure
The Addams Family 2,Animation,Adventure,Comedy
Cars 2,Animation,Adventure,Comedy
Finding Dory,Animation,Adventure,Comedy
The Secret Life of Pets,Animation,Adventure,Comedy
Akira,Animation,Action,Drama
Tonari no Totoro,Animation,Comedy,Family
Ralph Breaks the Internet,Animation,Adventure,Comedy
Onward,Animation,Adventure,Comedy
PAW Patrol: The Movie,Animation,Adventure,Comedy
Rio,Animation,Adventure,Comedy
Isle of Dogs,Animation,Adventure,Comedy
"Lyle, Lyle, Crocodile",Animation,Adventure,Comedy
The Croods: A New Age,Animation,Adventure,Comedy
The Prince of Egypt,Animation,Adventure,Drama
Home,Animation,Adventure,Comedy
Anastasia,Animation,Adventure,Drama
Alvin and the Chipmunks,Animation,Adventure,Comedy
The Jungle Book,Animation,Adventure,Comedy
Monsters University,Animation,Adventure,Comedy
The House,Animation,Comedy,Drama
Bolt,Animation,Adventure,Comedy
Kung Fu Panda 2,Animation,Action,Adventure
Bee Movie,Animation,Adventure,Comedy
Ron's Gone Wrong,Animation,Adventure,Comedy
Kimetsu no Yaiba: Mugen Ressha-Hen,Animation,Action,Adventure
Elemental,Animation,Adventure,Comedy
Pocahontas,Animation,Adventure,Drama
The Lego Batman Movie,Animation,Action,Adventure
Back to the Outback,Animation,Adventure,Comedy
Space Jam,Animation,Adventure,Comedy
How to Train Your Dragon 2,Animation,Action,Adventure
Vivo,Animation,Adventure,Comedy
The Nightmare Before Christmas,Animation,Family,Fantasy
Angry Birds,Animation,Action,Adventure
Koe no katachi,Animation,Drama,To be filled
The Boss Baby: Family Business,Animation,Adventure,Comedy
Trolls World Tour,Animation,Adventure,Comedy
The Hunchback of Notre Dame,Animation,Drama,Family
9,Animation,Action,Adventure
Meet the Robinsons,Animation,Adventure,Comedy
Happy Feet,Animation,Adventure,Comedy
Fireheart,Animation,Adventure,Comedy
The Boss Baby,Animation,Adventure,Comedy
The Iron Giant,Animation,Action,Adventure
Shark Tale,Animation,Adventure,Comedy
Trolls,Animation,Adventure,Comedy
Snow White and the Seven Dwarfs,Animation,Adventure,Family
Dinosaur,Animation,Adventure,Drama
The Road to El Dorado,Animation,Adventure,Comedy
Wish Dragon,Animation,Adventure,Comedy
The Adventures of Tintin,Animation,Action,Adventure
Beavis and Butt-Head Do America,Animation,Adventure,Comedy
The Lorax,Animation,Adventure,Comedy
Shrek the Third,Animation,Adventure,Comedy
The Book of Life,Animation,Adventure,Comedy
Chicken Little,Animation,Adventure,Comedy
Shrek Forever After,Animation,Adventure,Comedy
Heavy Metal,Animation,Adventure,Fantasy
Beowulf,Animation,Action,Adventure
Robin Hood,Animation,Adventure,Comedy
Majo no takkyûbin,Animation,Adventure,Family
Gake no ue no Ponyo,Animation,Adventure,Comedy
Apollo 10 1/2: A Space Age Adventure,Animation,Adventure,Drama
Hotel Transylvania 3: Summer Vacation,Animation,Adventure,Comedy
The AristoCats,Animation,Adventure,Comedy
Rise of the Guardians,Animation,Action,Adventure
Injustice,Animation,Action,Adventure
The Emoji Movie,Animation,Adventure,Comedy
The Croods,Animation,Adventure,Comedy
The Ice Age Adventures of Buck Wild,Animation,Adventure,Comedy
Thumbelina,Animation,Adventure,Family
Kôkaku Kidôtai,Animation,Action,Crime
A Goofy Movie,Animation,Adventure,Comedy
"Batman: The Long Halloween, Part One",Animation,Action,Crime
The Secret of NIMH,Animation,Adventure,Drama
Alice in Wonderland,Animation,Adventure,Comedy
Chicken Run,Animation,Adventure,Comedy
A Christmas Story Christmas,Animation,Comedy,Drama
The Good Dinosaur,Animation,Adventure,Comedy
The Addams Family,Animation,Comedy,Family
Sonic the Hedgehog 3,Animation,Action,Adventure
The SpongeBob SquarePants Movie,Animation,Adventure,Comedy
The Land Before Time,Animation,Adventure,Drama
Tenki no ko,Animation,Drama,Fantasy
The Angry Birds Movie 2,Animation,Action,Adventure
Over the Hedge,Animation,Adventure,Comedy
Corpse Bride,Animation,Drama,Family
The Secret Life of Pets 2,Animation,Adventure,Comedy
Peter Pan,Animation,Adventure,Family
Klaus,Animation,Adventure,Comedy
Monster House,Animation,Comedy,Family
Wizards,Animation,Adventure,Fantasy
Monsters vs. Aliens,Animation,Action,Adventure
All Dogs Go to Heaven,Animation,Adventure,Comedy
Madagascar 3: Europe's Most Wanted,Animation,Adventure,Comedy
Ice Age: Continental Drift,Animation,Adventure,Comedy
Madagascar: Escape 2 Africa,Animation,Adventure,Comedy
FernGully: The Last Rainforest,Animation,Adventure,Family
Despicable Me 4,Animation,Adventure,Comedy
One Hundred and One Dalmatians,Animation,Adventure,Comedy
Bubble,Animation,Action,Adventure
The Smurfs,Animation,Adventure,Comedy
Kaze tachinu,Animation,Biography,Drama
Papurika,Animation,Drama,Fantasy
Watership Down,Animation,Adventure,Drama
"Shin seiki Evangelion Gekijô-ban: Air/Magokoro wo, kimi ni",Animation,Action,Drama
The Simpsons Movie,Animation,Adventure,Comedy
Kaze no tani no Naushika,Animation,Adventure,Sci-Fi
Ice Age: Collision Course,Animation,Adventure,Comedy
Rio 2,Animation,Adventure,Comedy
James and the Giant Peach,Animation,Adventure,Family
Rise of the Teenage Mutant Ninja Turtles,Animation,Action,Adventure
A Scanner Darkly,Animation,Comedy,Crime
Brother Bear,Animation,Adventure,Comedy
Sleeping Beauty,Animation,Adventure,Family
"South Park: Bigger, Longer &amp; Uncut",Animation,Comedy,Fantasy
Horton Hears a Who!,Animation,Adventure,Comedy
Pinocchio,Animation,Adventure,Comedy
Doragon bôru chô: Burorî,Animation,Action,Adventure
Scoob!,Animation,Adventure,Comedy
Epic,Animation,Action,Adventure
The Witcher: Nightmare of the Wolf,Animation,Action,Adventure
Cinderella,Animation,Family,Fantasy
The Lego Movie 2: The Second Part,Animation,Action,Adventure
The Lord of the Rings,Animation,Adventure,Fantasy
Flushed Away,Animation,Action,Adventure
Penguins of Madagascar,Animation,Adventure,Comedy
Turbo,Animation,Adventure,Comedy
Puss in Boots,Animation,Adventure,Comedy
Spies in Disguise,Animation,Action,Adventure
Cloudy with a Chance of Meatballs 2,Animation,Adventure,Comedy
The Fox and the Hound,Animation,Adventure,Drama
Hotel Transylvania 2,Animation,Adventure,Comedy
Tenkû no shiro Rapyuta,Animation,Adventure,Family
Lady and the Tramp,Animation,Adventure,Comedy
Planes,Animation,Adventure,Comedy
Boku no Hero Academia: World Heroes Mission,Animation,Action,Adventure
Spirit: Stallion of the Cimarron,Animation,Adventure,Drama
Star Wars: The Clone Wars,Animation,Action,Adventure
My Little Pony: A New Generation,Animation,Adventure,Comedy
Kimi no suizô o tabetai,Animation,Drama,Family
Antz,Animation,Adventure,Comedy
The Rescuers,Animation,Adventure,Comedy
Ice Age: Dawn of the Dinosaurs,Animation,Adventure,Comedy
